{
  "comparison": "mage_space_20250818_1528_vs_midjourney_com_20250818_1528",
  "analysisType": "visual_enhanced",
  "totalPages": 1,
  "avgScore": 0.45218642040482665,
  "metrics": {
    "overall": 0.45218642040482665,
    "layout": 0.5869267652676916,
    "colors": 0.365778811642266,
    "typography": 0.5669515669515669,
    "responsive": 0.5833333333333334,
    "designSystem": 0,
    "hierarchy": 0.3333333333333333,
    "spacing": 0.3
  },
  "insights": [
    "⚠️ Low design system consistency - different frameworks or custom implementations"
  ],
  "timestamp": "2025-08-18T15:28:58.391Z"
}