{
  "analysisType": "technical",
  "timestamp": "2025-08-18T15:29:00.794Z",
  "totalComparisons": 1,
  "results": [
    {
      "comparison": "mage_space_20250818_1528_vs_midjourney_com_20250818_1528",
      "avgScore": 0.4977744784627138,
      "detailedScores": {
        "overall": 0.4977744784627138,
        "htmlStructure": 0.75,
        "metaTags": 0.4217253334900394,
        "frameworks": 1
      },
      "totalPages": 1
    }
  ]
}