{
  "analysisType": "content_optimized",
  "timestamp": "2025-08-11T21:54:20.584Z",
  "totalComparisons": 1,
  "globalStats": {
    "totalPagesProcessed": 1,
    "totalProcessingTime": 11,
    "averagePageTime": 11,
    "processingSpeed": 90.90909090909092
  },
  "results": [
    {
      "comparison": "instantcheckmate_com_20250811_2153_vs_truthfinder_com_20250811_2154",
      "avgScore": 0.6428581308320765,
      "metrics": {
        "jaccard": 0.7014925373134329,
        "cosine": 0.8886728021794045,
        "fingerprint": 0.01,
        "semantic": 0.8415839797943352,
        "topic": 0.75
      },
      "totalPages": 1,
      "performance": {
        "avgPageTime": 11,
        "totalPages": 1
      }
    }
  ]
}