{
  "comparison": "instantcheckmate_com_20250811_2153_vs_truthfinder_com_20250811_2154",
  "analysisType": "content_optimized",
  "totalPages": 1,
  "avgScore": 0.6428581308320765,
  "metrics": {
    "jaccard": 0.7014925373134329,
    "cosine": 0.8886728021794045,
    "fingerprint": 0.01,
    "semantic": 0.8415839797943352,
    "topic": 0.75
  },
  "performance": {
    "avgPageTime": 11,
    "totalPages": 1
  },
  "timestamp": "2025-08-11T21:54:20.582Z"
}