{
  "comparison": "instantcheckmate_com_20250811_2153_vs_truthfinder_com_20250811_2154",
  "analysisType": "visual_enhanced",
  "totalPages": 1,
  "avgScore": 0.7821729291786335,
  "metrics": {
    "overall": 0.7821729291786335,
    "layout": 0.974978300965607,
    "colors": 0.76571748423853,
    "typography": 0.9658641975308642,
    "responsive": 1,
    "designSystem": 0.3333333333333333,
    "hierarchy": 0.5925925925925926,
    "spacing": 0.5
  },
  "insights": [
    "⚠️ Low design system consistency - different frameworks or custom implementations",
    "📱 Good responsive design consistency across viewports"
  ],
  "timestamp": "2025-08-11T21:54:20.091Z"
}