{
  "comparison": "instantcheckmate_com_20250811_2153_vs_truthfinder_com_20250811_2154",
  "analysisType": "technical",
  "totalPages": 1,
  "avgScore": 0.8235392734722153,
  "detailedScores": {
    "overall": 0.8235392734722153,
    "htmlStructure": 0.99,
    "metaTags": 0.6629272567922875,
    "frameworks": 1
  },
  "timestamp": "2025-08-11T21:54:21.563Z"
}