{
  "analysisType": "technical",
  "timestamp": "2025-08-11T21:54:22.570Z",
  "totalComparisons": 1,
  "results": [
    {
      "comparison": "instantcheckmate_com_20250811_2153_vs_truthfinder_com_20250811_2154",
      "avgScore": 0.8235392734722153,
      "detailedScores": {
        "overall": 0.8235392734722153,
        "htmlStructure": 0.99,
        "metaTags": 0.6629272567922875,
        "frameworks": 1
      },
      "totalPages": 1
    }
  ]
}